trialn;trial;historical;tau;test;n;y;z;m;notes
1;006;0;12;1;80;1;11;1;0
1;006;0;12;0;75;0;11;0;0
2;011;0;26;1;357;3;91;1;0
2;011;0;26;0;176;3;77;0;0
3;015;0;26;1;190;1;46;1;0
3;015;0;26;0;198;2;71;0;0
4;020;0;52;1;391;2;80;0;0
4;020;0;52;0;207;1;34;0;0
5;024;0;26;1;774;4;161;0;0
5;024;0;26;0;185;2;71;0;0
6;025;0;16;1;30;0;5;0;0
6;025;0;16;0;63;0;16;0;0
7;044;0;26;1;101;0;16;0;0
7;044;0;26;0;51;0;16;0;0
8;079;0;26;1;203;1;79;1;0
8;079;0;26;0;106;1;35;1;0
9;082;0;26;1;212;4;44;3;0
9;082;0;26;0;107;0;23;0;0
10;083;0;16;1;16;0;2;0;0
10;083;0;16;0;17;0;0;0;0
11;085;0;26;1;138;5;28;1;0
11;085;0;26;0;139;4;13;1;0
12;090;0;8;1;149;1;23;0;0
12;090;0;8;0;75;0;18;0;0
13;093;0;26;1;213;1;57;0;0
13;093;0;26;0;109;1;28;0;0
14;094;0;26;1;232;2;36;1;0
14;094;0;26;0;116;0;22;0;0
15;095;0;26;1;196;2;46;1;0
15;095;0;26;0;96;1;16;0;0
16;096;0;26;1;116;1;14;0;0
16;096;0;26;0;115;0;21;0;0
17;098;0;8;1;191;1;21;1;0
17;098;0;8;0;96;0;12;0;0
18;127;0;26;1;56;1;16;0;0
18;127;0;26;0;58;0;17;0;0
19;132;0;24;1;442;1;51;1;0
19;132;0;24;0;112;0;39;0;0
20;134;0;26;1;561;1;84;1;0
20;134;0;26;0;276;2;50;0;0
21;135;0;104;1;116;2;26;2;0
21;135;0;104;0;111;5;54;3;0
22;136;0;26;1;148;5;34;2;0
22;136;0;26;0;143;1;26;0;0
23;137;0;32;1;204;1;40;0;0
23;137;0;32;0;185;6;32;1;0
24;140;0;12;1;65;0;3;0;0
24;140;0;12;0;71;0;9;0;0
25;143;0;24;1;121;1;27;0;0
25;143;0;24;0;124;0;30;0;0
26;145;0;26;1;231;2;36;1;0
26;145;0;26;0;242;0;70;0;0
27;147;0;26;1;89;1;12;0;0
27;147;0;26;0;88;1;29;0;0
28;162;0;26;1;168;2;27;1;0
28;162;0;26;0;172;1;45;0;0
29;211;0;52;1;110;8;30;3;0
29;211;0;52;0;114;6;32;2;0
30;234;0;26;1;116;0;7;0;0
30;234;0;26;0;58;0;5;0;0
31;282;0;24;1;70;0;5;0;0
31;282;0;24;0;75;0;6;0;0
32;284;0;24;1;382;3;76;1;0
32;284;0;24;0;384;0;95;0;0
33;311;0;12;1;58;0;2;0;0
33;311;0;12;0;14;1;1;0;0
34;325;0;24;1;196;1;40;0;0
34;325;0;24;0;195;0;54;0;0
35;334;0;52;1;99;0;19;0;0
35;334;0;52;0;101;0;18;0;0
36;347;0;24;1;209;0;62;0;0
36;347;0;24;0;212;0;62;0;0
37;352;0;16;1;31;1;3;0;0
37;352;0;16;0;30;0;1;0;0
38;369;0;26;1;25;0;1;0;0
38;369;0;26;0;24;0;6;0;0
39;712753/002;0;24;1;288;2;30;1;0
39;712753/002;0;24;0;280;0;44;0;0
40;712753/003;0;32;1;254;1;50;0;0
40;712753/003;0;32;0;272;0;54;0;0
41;712753/007;0;32;1;314;1;41;0;0
41;712753/007;0;32;0;154;0;31;0;0
42;797620/004;0;28;1;672;0;87;0;0
42;797620/004;0;28;0;222;0;26;0;0
43;BRL-049653/376;0;16;1;19;0;1;0;0
43;BRL-049653/376;0;16;0;21;0;0;0;0
44;BRL-049653/351;0;52;1;27;0;3;0;0
44;BRL-049653/351;0;52;0;29;0;1;0;0
45;BRL-049653/128;0;24;1;39;1;10;0;0
45;BRL-049653/128;0;24;0;38;0;14;0;0
46;AVD105248;0;16;1;74;0;5;0;0
46;AVD105248;0;16;0;75;1;3;0;0
47;BRL-049653/374;0;16;1;84;0;4;0;0
47;BRL-049653/374;0;16;0;85;0;4;0;0
48;AVD102209;0;24;1;132;0;9;0;0
48;AVD102209;0;24;0;131;1;15;1;0
49;AVS101946;0;16;1;276;1;NA;0;0
49;AVS101946;0;16;0;93;0;NA;0;0
50;AVD104742;0;28;1;159;0;11;0;0
50;AVD104742;0;28;0;213;0;33;0;0
51;AVM100264;0;52;1;294;2;61;2;0
51;AVM100264;0;52;0;301;2;71;1;0
52;AVD100521 (APPROACH);0;78;1;331;13;72;4;0
52;AVD100521 (APPROACH);0;78;0;337;9;72;3;0
53;P801;0;18;1;87;0;2;0;0
53;P801;0;18;0;186;0;18;0;0
54;GLAI;0;24;1;366;3;80;1;0
54;GLAI;0;24;0;369;1;70;0;0
55;CV181008 Cohort 1;1;12;0;67;0;12;0;0
56;CV181008 Cohort 2;1;6;0;41;0;6;0;0
57;CV181011 ST;1;24;0;95;0;40;0;0
59;CV181014 ST;1;24;0;179;2;67;1;0
60;CV181038 ST;1;24;0;74;0;21;0;0
61;CV181039 ST;1;24;0;328;3;85;0;0
62;CV181040 ST;1;24;0;267;2;91;1;0
63;CV181041 ST;1;12;0;16;0;1;0;0
64;CV168006;1;104;0;251;2;157;0;0
65;CV168018;1;24;0;115;1;42;0;0
66;CV168021;1;24;0;199;0;60;0;0
67;CV168022;1;24;0;214;0;63;0;0
68;CV168025;1;50;0;572;2;206;0;0
69;P010;1;106;0;123;3;82;1;0
70;P014;1;106;0;111;0;79;0;0
71;P019;1;24;0;178;0;20;0;0
72;P020;1;104;0;237;2;128;NA;0
73;P021;1;24;0;253;2;37;0;0
74;P023;1;54;0;110;0;30;0;0
75;P024;1;104;0;584;6;320;3;0
76;P035;1;54;0;219;2;151;NA;0
77;P036;1;104;0;540;6;287;1;0
78;P040;1;18;0;178;1;45;0;0
79;P047;1;24;0;104;1;47;0;0
80;P049;1;24;0;522;2;75;0;0
81;P051;1;24;0;319;2;36;0;0
83;P053;1;30;0;94;1;14;NA;0
84;P061;1;12;0;107;0;7;0;0
85;P064;1;54;0;259;3;117;0;0
86;P066;1;32;0;256;0;52;0;0
87;P068;1;40;0;248;0;48;0;0
88;P074;1;24;0;198;0;16;0;0
89;P079;1;44;0;621;3;215;1;0
90;P102;1;54;0;693;2;NA;0;0
91;P128;1;26;0;156;0;20;0;0
92;P803;1;30;0;518;2;51;1;0
93;PNFP-010;1;16;0;187;2;26;2;0
94;PNFP-014;1;16;0;187;0;23;0;0
95;PNFP-027;1;16;0;160;0;48;0;0
96;PNFP-026;1;16;0;96;1;33;0;0
97;OPI-502;1;20;0;112;1;10;0;0
98;PNFP-012;1;24;0;84;1;37;1;0
99;OPI-504;1;24;0;256;7;72;7;0
100;PNFP-001;1;26;0;79;1;53;0;0
101;EC405;1;52;0;626;4;NA;4;0
102;OPI-501;1;56;0;251;3;123;1;0
103;EC404;1;52;0;597;7;96;1;0
104;EC409;1;104;0;320;11;41;2;0
105;EC410;1;104;0;313;2;75;2;0
106;OPI-520;1;52;0;149;2;32;2;0
107;GLAT;1;52;0;147;1;NA;1;0
108;OPI-518 (CHICAGO);1;72;0;228;2;63;0;0
110;OPI-506;1;156;0;1046;12;641;5;0
112;CCT-011;1;12;0;75;0;2;0;0
114;EC204;1;26;0;181;1;NA;0;0
115;322OPI-001;1;26;0;386;2;118;0;0
116;F-PIO-100;1;24;0;154;0;28;0;0
117;CCT-100;1;28;0;89;0;NA;0;0
118;OPIMET-008;1;24;0;210;0;68;0;0
119;OPI-516 (PERISCOPE);1;72;0;273;6;95;2;0
120;CCT-012;1;12;0;73;0;8;0;0
121;XT010 / OPIXT-010;1;16;0;158;0;7;0;0
122;322OPI-002;1;26;0;164;0;38;0;0
124;CCT-001;1;12;0;66;0;1;0;0
